{"intrinsic_loss": 22.173526763916016, "extrinsic_loss": 24.73149299621582, "extrinsic reward": 0.2908120648550181, "intrinsic reward": 0.28253651303248617, "_runtime": 7, "_timestamp": 1656834486, "_step": 1, "chart0": {"_type": "plotly-file", "path": "media/plotly/chart0_1_98061159c6a17b3f0561.plotly.json", "sha256": "98061159c6a17b3f0561409170276e6117d01763a0dabc9daa0291d10c812c59", "size": 480946}}