{"intrinsic_loss": 138927072.0, "extrinsic_loss": 236.53500366210938, "extrinsic reward": [-5.58811092376709, -5.390519142150879, -5.224826812744141, -5.276905536651611, -5.465437889099121, -5.348696231842041, -5.323061943054199, -5.236331939697266, -5.358421802520752, -5.526477336883545, -5.608281135559082, -5.311056137084961, -5.306142330169678, -5.3740997314453125, -5.385686874389648, -5.395875930786133, -5.467305660247803, -5.473846435546875, -5.405240058898926, -5.302201271057129, -5.765799045562744, -5.398228645324707, -5.294068813323975, -5.376227378845215, -5.387816429138184, -5.299596309661865, -5.241702079772949, -5.317977428436279, -5.417043685913086, -5.482515811920166, -5.491492748260498, -5.361961841583252, -5.533701419830322, -5.449554920196533, -5.439594268798828, -5.392330169677734, -5.431768894195557, -5.298077583312988, -5.337798118591309, -5.458314895629883, -5.162633895874023, -5.311308860778809, -5.2583699226379395, -5.417698860168457, -5.158313274383545, -5.579171180725098, -5.1757307052612305, -5.247835159301758, -5.274718284606934, -5.412499904632568, -5.274379730224609, -5.366155624389648, -5.363407135009766, -5.35575008392334, -5.371780872344971, -5.364293575286865, -5.306426048278809, -5.353625297546387, -5.630648136138916, -5.272840976715088, -5.4058451652526855, -5.46621036529541, -5.426144599914551, -5.374251842498779], "intrinsic reward": [-11934.859375, -11427.99609375, -11272.326171875, -12063.6767578125, -11340.623046875, -11699.484375, -11314.7724609375, -11873.4013671875, -11833.7900390625, -11534.2578125, -11542.8662109375, -12004.3232421875, -11954.0615234375, -11776.2021484375, -11787.193359375, -11731.22265625, -11803.3408203125, -11703.4365234375, -11850.0, -11629.2392578125, -11667.650390625, -11857.658203125, -11814.8857421875, -12035.486328125, -12045.822265625, -11527.126953125, -12167.4677734375, -11973.306640625, -11825.6298828125, -11682.2294921875, -11861.861328125, -11644.5234375, -11954.447265625, -11764.58984375, -11856.60546875, -12233.55859375, -11558.5048828125, -11700.2109375, -11860.4755859375, -11650.2548828125, -11233.19921875, -12030.7177734375, -11661.400390625, -12088.009765625, -11937.0498046875, -11574.603515625, -11727.119140625, -11883.22265625, -11682.6318359375, -11526.2900390625, -11165.693359375, -11828.1474609375, -11836.2333984375, -11994.4365234375, -12165.0107421875, -12317.6171875, -11535.7294921875, -11864.3330078125, -12024.4033203125, -12219.0048828125, -11801.1767578125, -11974.12890625, -11434.486328125, -11921.4755859375], "_runtime": 3712, "_timestamp": 1655953691, "plot_id 0_table": {"_type": "table-file", "path": "media/table/plot_id 0_table_0_b380c9e16fff1f29c185.table.json", "sha256": "b380c9e16fff1f29c185dbcaeca462b9f655a441202e088b395e519d85b85549", "size": 1773, "artifact_path": "wandb-artifact://41727469666163743a313437323532313631/plot_id 0_table.table.json", "ncols": 2, "nrows": 64}, "_step": 1, "plot_id 10_table": {"_type": "table-file", "path": "media/table/plot_id 10_table_1_f8663fb214bb9a0a56fb.table.json", "sha256": "f8663fb214bb9a0a56fb14a8ca56f361b35125c8660e9ae96bc3ce0db5163aae", "size": 1877, "artifact_path": "wandb-artifact://41727469666163743a313437373335323238/plot_id 10_table.table.json", "ncols": 2, "nrows": 64}}