{"intrinsic_loss": 1.9214104413986206, "extrinsic_loss": 5.588920593261719, "extrinsic reward": -2.198345026001334, "intrinsic reward": 1.8717500530183315, "_runtime": 52, "_timestamp": 1656904233, "_step": 11, "chart0": {"_type": "plotly-file", "path": "media/plotly/chart0_1_2ace37d36b63536990d0.plotly.json", "sha256": "2ace37d36b63536990d0b82b8b7b3a4bed67ba6d0f9f9958897c1ae00f9da0bc", "size": 12112}}