{"graph_0": {"_type": "graph-file", "path": "media/graph/graph_0_summary_1cadb350601c3c192117.graph.json", "sha256": "1cadb350601c3c192117ba99c3ddb0aff9969a84f4d7a7ae07c34f372c13bcc5", "size": 6600}, "intrinsic_loss": 10502096896.0, "extrinsic_loss": 3266849.5, "extrinsic reward": -1430.2152438163757, "intrinsic reward": 88559.34546661377, "sampled_batch_size": 128, "_runtime": 4, "_timestamp": 1656664850, "_step": 0}