{"graph_0": {"_type": "graph-file", "path": "media/graph/graph_0_summary_59877875b3e42851e7f4.graph.json", "sha256": "59877875b3e42851e7f4001f35315ada7942742aa8cd5b0c2b352ada8ee9f364", "size": 6600}, "intrinsic_loss": 148101169152.0, "extrinsic_loss": 203312365568.0, "extrinsic reward": -376614.2894592285, "intrinsic reward": 383780.8173828125, "sampled_batch_size": 128, "_runtime": 5, "_timestamp": 1656666602, "_step": 0}