{"graph_0": {"_type": "graph-file", "path": "media/graph/graph_0_summary_4f8ed26746ec45591591.graph.json", "sha256": "4f8ed26746ec455915914291d33530736d5a932d8bb44d86c28337a4e5859704", "size": 6600}, "intrinsic_loss": 48886.9609375, "extrinsic_loss": 2331374592.0, "extrinsic reward": 48046.189880371094, "intrinsic reward": 172.76585882087238, "sampled_batch_size": 128, "_runtime": 5, "_timestamp": 1656665306, "_step": 0}