{"intrinsic_loss": 72894.0546875, "extrinsic_loss": 2124500.5, "extrinsic reward": [-1957.37451171875, -1532.6434326171875, -1542.581787109375, -1637.0440673828125, -1454.516357421875, -1331.6405029296875, -1750.8785400390625, -1503.803466796875, -1658.843994140625, -1722.5753173828125, -1490.2252197265625, -1614.315185546875, -1652.5814208984375, -1534.159423828125, -1912.3453369140625, -1673.0108642578125, -1558.8875732421875, -1556.72119140625, -1496.686767578125, -1446.8284912109375, -1898.487060546875, -1611.92138671875, -1813.781494140625, -1363.5301513671875, -1710.0926513671875, -1367.903076171875, -1403.983642578125, -1534.5706787109375, -1472.5447998046875, -1384.6658935546875, -1462.831298828125, -1752.951416015625, -1698.5059814453125, -1303.7144775390625, -1501.337890625, -1623.6063232421875, -1636.5277099609375, -1633.7451171875, -1699.2476806640625, -1472.8878173828125, -1461.637939453125, -1836.8255615234375, -1798.2320556640625, -1318.99267578125, -1500.2315673828125, -1531.80615234375, -1601.90380859375, -1479.4730224609375, -1547.7821044921875, -1371.7545166015625, -1332.8338623046875, -1496.8275146484375, -1581.7418212890625, -1402.579345703125, -1583.585205078125, -1713.1104736328125, -1390.7802734375, -1373.0970458984375, -1410.091552734375, -1824.8900146484375, -1599.5721435546875, -1617.24853515625, -1473.456787109375, -1436.4837646484375], "intrinsic reward": [-179.8609619140625, -117.00282287597656, -145.2028350830078, -361.716552734375, -18.58678436279297, -83.0423812866211, -131.1685791015625, -240.25376892089844, -322.51898193359375, -161.63986206054688, -30.736507415771484, -31.375423431396484, -287.75640869140625, -68.35601043701172, -223.36770629882812, -139.835205078125, -301.14007568359375, -239.21034240722656, -531.3967895507812, -156.43663024902344, -392.5349426269531, -128.49224853515625, -319.9437255859375, -277.412109375, -582.98095703125, -179.4503936767578, -451.8533630371094, -109.34828186035156, -81.84654235839844, -282.3180847167969, -224.345947265625, -355.54144287109375, 1.7059941291809082, -332.4613952636719, -282.4131774902344, -185.82754516601562, -276.01043701171875, -475.4563903808594, -612.1386108398438, -101.25933837890625, -155.66973876953125, -160.9058837890625, 150.82179260253906, -165.16632080078125, -148.00946044921875, -299.2162780761719, 68.77888488769531, -181.65579223632812, -47.24840545654297, -625.28759765625, -40.16352844238281, 127.23870849609375, -174.73094177246094, -133.81854248046875, -355.75518798828125, -298.7288818359375, -284.5080261230469, -366.982666015625, -162.07908630371094, -54.80215072631836, -32.4300651550293, 124.54911804199219, -227.82203674316406, -538.613525390625], "_runtime": 1873, "_timestamp": 1655964762, "plot_id 0_table": {"_type": "table-file", "path": "media/table/plot_id 0_table_0_1e77f9c1592feaf56883.table.json", "sha256": "1e77f9c1592feaf568838fce7e39137a067ea7f7d32f519acc90e24133f85b49", "size": 2054, "artifact_path": "wandb-artifact://41727469666163743a313437373738363735/plot_id 0_table.table.json", "ncols": 2, "nrows": 64}, "_step": 1, "plot_id 5_table": {"_type": "table-file", "path": "media/table/plot_id 5_table_1_a22b74b755db368e564c.table.json", "sha256": "a22b74b755db368e564cd57ffac011a9fedaea5b4d82da4d1fb455dfeff82dee", "size": 2924, "artifact_path": "wandb-artifact://41727469666163743a313437373835313330/plot_id 5_table.table.json", "ncols": 2, "nrows": 64}}