{"graph_0": {"_type": "graph-file", "path": "media/graph/graph_0_summary_5ce5ad85f47012db2ff0.graph.json", "sha256": "5ce5ad85f47012db2ff06f87e9c269998bebbe439ca1f7fb9f53669714ab090c", "size": 6600}, "intrinsic_loss": 633919242240.0, "extrinsic_loss": 29553848320.0, "extrinsic reward": -171372.75134277344, "intrinsic reward": 720342.2419433594, "sampled_batch_size": 128, "_runtime": 5, "_timestamp": 1656664727, "_step": 0}