{"graph_0": {"_type": "graph-file", "path": "media/graph/graph_0_summary_9c40fb0e457ad068e983.graph.json", "sha256": "9c40fb0e457ad068e983a60139c0a20a74d0aabad8e99f531c56d3c0b0a3aef2", "size": 6600}, "intrinsic_loss": 3055896494080.0, "extrinsic_loss": 115339788288.0, "extrinsic reward": 281264.64193725586, "intrinsic reward": 1509067.6448669434, "sampled_batch_size": 128, "_runtime": 5, "_timestamp": 1656665261, "_step": 0}