{"graph_0": {"_type": "graph-file", "path": "media/graph/graph_0_summary_3764b76a40cfdde50845.graph.json", "sha256": "3764b76a40cfdde5084584a9d406082bfbc61b2d7be977d26696a06c757dae95", "size": 6600}, "intrinsic_loss": 852667269120.0, "extrinsic_loss": 5486812332032.0, "extrinsic reward": -1219476.7600097656, "intrinsic reward": 922918.115234375, "sampled_batch_size": 128, "_runtime": 4, "_timestamp": 1656665142, "_step": 0}