{"graph_0": {"_type": "graph-file", "path": "media/graph/graph_0_summary_4ddd54ac8c886d4a9556.graph.json", "sha256": "4ddd54ac8c886d4a95561a6c39a9278d3001fb80cc798e9fe13cbd5ea863e4bf", "size": 6600}, "intrinsic_loss": 15616798720.0, "extrinsic_loss": 935066992640.0, "extrinsic reward": -781284.5098876953, "intrinsic reward": 124442.3910522461, "sampled_batch_size": 128, "_runtime": 4, "_timestamp": 1656665374, "_step": 0}