{"intrinsic_loss": 17.16718864440918, "extrinsic_loss": 17.41936492919922, "extrinsic reward": 0.002433695874060504, "intrinsic reward": 0.03173768875421956, "_runtime": 6, "_timestamp": 1656834691, "_step": 1, "chart0": {"_type": "plotly-file", "path": "media/plotly/chart0_1_b412a640fce6e0c36f87.plotly.json", "sha256": "b412a640fce6e0c36f87867e74893b3b303f1f70aaffc08e5090c36788b9b3d7", "size": 11968}}