{"graph_0": {"_type": "graph-file", "path": "media/graph/graph_0_summary_cebedbf2e25e738a7c15.graph.json", "sha256": "cebedbf2e25e738a7c151f52806a5cb57a81515447c0d461757e2f1bdb6d3d0a", "size": 6600}, "intrinsic_loss": 6513314758656.0, "extrinsic_loss": 6766752432128.0, "extrinsic reward": 2600755.34765625, "intrinsic reward": 1929388.7862091064, "sampled_batch_size": 128, "_runtime": 5, "_timestamp": 1656665664, "_step": 0}