{"graph_0": {"_type": "graph-file", "path": "media/graph/graph_0_summary_fd9bd21d615150e7699a.graph.json", "sha256": "fd9bd21d615150e7699a36a30e63f287c914df81ed3bd13f9c981357368998f3", "size": 6600}, "intrinsic_loss": 54041584.0, "extrinsic_loss": 11727527739392.0, "extrinsic reward": 3423298.19921875, "intrinsic reward": 5531.061689257622, "sampled_batch_size": 128, "_runtime": 5, "_timestamp": 1656665585, "_step": 0}